{
  "dataset": "modeling_dinaciclib_auc.parquet",
  "target": "auc",
  "n_train": 332,
  "n_val": 72,
  "n_test": 72,
  "ridge": {
    "val": {
      "rmse": 0.09999838557070788,
      "mae": 0.07993925076723753,
      "r2": -0.00664431646390784
    },
    "test": {
      "rmse": 0.08444223669184049,
      "mae": 0.07044927146028682,
      "r2": 0.17478645092544032
    }
  },
  "elasticnet": {
    "val": {
      "rmse": 0.095980747484446,
      "mae": 0.07941307166380529,
      "r2": 0.07261872140525083
    },
    "test": {
      "rmse": 0.08711451443815962,
      "mae": 0.0706956487589069,
      "r2": 0.12173023138686145
    }
  },
  "xgboost": {
    "val": {
      "rmse": 0.09728282675652017,
      "mae": 0.07935780886058307,
      "r2": 0.047286253490178454
    },
    "test": {
      "rmse": 0.08984071649923066,
      "mae": 0.0748989373128914,
      "r2": 0.06590013978345577
    },
    "best_iteration": 23
  }
}